title,company,location,summary
Data Scientist,Infosys,"Bangalore, Karnataka",Data Scientist at Infosys
Data Scientist,Fastenal,"Bangalore, Karnataka",Data Scientist at Fastenal
Data Scientist,v4c.ai,India,Data Scientist at v4c.ai
Data Scientist,Recro,"Bangalore, Karnataka",Data Scientist at Recro
Data Scientist,UNLOX®,"Bangalore, Karnataka",Data Scientist at UNLOX®
Data Scientist,Huptech HR Solutions,"Ahmedabad, Gujarat",Data Scientist at Huptech HR Solutions
Data Scientist,Utkarsh Placement Pvt. Ltd.,"Hyderabad, Telangana",Data Scientist at Utkarsh Placement Pvt. Ltd.
Data Scientist,Mount Talent Consulting Pvt Ltd.,"Mumbai, Maharashtra",Data Scientist at Mount Talent Consulting Pvt Ltd.
Data Scientist,AlphaMetricx,"Bangalore, Karnataka",Data Scientist at AlphaMetricx
Data Scientist,Loyalytics AI,"Bangalore, Karnataka",Data Scientist at Loyalytics AI
Data Scientist,Recro,"Bangalore, Karnataka",Data Scientist at Recro
Data Scientist -,ConsultBae India Private Limited,India,Data Scientist - at ConsultBae India Private Limited
Data Scientist,GyanSys Inc.,"Bangalore, Karnataka",Data Scientist at GyanSys Inc.
Data Scientist,IndiHire,"Bangalore, Karnataka",Data Scientist at IndiHire
Data Scientist,Unity Systems,India,Data Scientist at Unity Systems
Data Scientist,Unico Connect,"Mumbai, Maharashtra",Data Scientist at Unico Connect
Data Scientist,SLB,"Pune, Maharashtra",Data Scientist at SLB
Data Scientist,Birdeye,India,Data Scientist at Birdeye
Data Scientist,Zetheta Algorithms Private Limited,India,Data Scientist at Zetheta Algorithms Private Limited
Data Scientist,globalinsurance,"Bangalore, Karnataka",Data Scientist at globalinsurance
Data Scientist,Tata Consultancy Services,"Hyderabad, Telangana",Data Scientist at Tata Consultancy Services
Data Scientist,Recro,India,Data Scientist at Recro
Data Scientist,Thryve Digital Health LLP,"Chennai, Tamil Nadu",Data Scientist at Thryve Digital Health LLP
Data Scientist,Dexian India,India,Data Scientist at Dexian India
Data Scientist,Insight Global,India,Data Scientist at Insight Global
Data Scientist,Mergen Partners,India,Data Scientist at Mergen Partners
Data Scientist,Recro,"Pune, Maharashtra",Data Scientist at Recro
Data Scientist,PepsiCo,"Hyderabad, Telangana",Data Scientist at PepsiCo
Data Scientist,Valiance Solutions,"Bangalore, Karnataka",Data Scientist at Valiance Solutions
Data Scientist,Recro,"Hyderabad, Telangana",Data Scientist at Recro
Data Scientist,Fiserv,"Thane, Maharashtra",Data Scientist at Fiserv
Data Scientist,Insight Global,India,Data Scientist at Insight Global
Data Scientist,Shorlist Professionals,India,Data Scientist at Shorlist Professionals
Data Scientist,Rebel Foods,"Bangalore, Karnataka",Data Scientist at Rebel Foods
Data Scientist,Comviva,India,Data Scientist at Comviva
Data Scientist,Jubilant FoodWorks Ltd.,"Noida, Ghaziabad",Data Scientist at Jubilant FoodWorks Ltd.
Data Scientist,Quosphere Infosolutions Pvt Ltd,"Mumbai, Maharashtra",Data Scientist at Quosphere Infosolutions Pvt Ltd
Data Scientist,Kresta Softech Private Limited,"Hyderabad, Telangana",Data Scientist at Kresta Softech Private Limited
Data Scientist,Epsilon,"Bangalore, Karnataka",Data Scientist at Epsilon
Data Scientist,Tata Consultancy Services,"Delhi, India",Data Scientist at Tata Consultancy Services
